,batch_size,node_size,learning_rate,epochs,hidden_layers,loss,accuracy
0,1,64,0.1,1600,1,3.9169889871476746,0.9381489841986455
1,1,64,0.1,1600,2,3.9169889871476746,0.3347629796839729
2,1,64,0.1,1600,4,3.9169889871476746,0.33871331828442436
3,1,64,0.1,1600,8,3.9169889871476746,0.33950338600451474
